Title,Genre,Rating,Year
Cross-group content-based ability,Action,7.6,2006
Universal tangible product,Drama,6.8,2003
Reduced asymmetric function,Drama,5.1,1995
Organic bottom-line Local Area Network,Sci-Fi,5.4,2009
Universal zero administration encoding,Action,8.1,2006
Profound asynchronous installation,Sci-Fi,9.3,2022
Universal 24hour utilization,Romance,6.2,2019
Right-sized uniform Internet solution,Horror,9.1,2018
Quality-focused encompassing extranet,Drama,6.7,2010
Vision-oriented encompassing intranet,Horror,7.8,2008
Upgradable 6thgeneration application,Comedy,8.0,2022
Operative mobile process improvement,Drama,7.0,2003
Fundamental secondary interface,Action,8.4,1992
Down-sized client-driven framework,Thriller,8.3,1998
Object-based system-worthy projection,Comedy,5.5,1994
Multi-tiered coherent model,Horror,9.4,2007
Multi-channeled composite hardware,Thriller,7.2,2003
Stand-alone multimedia circuit,Romance,7.3,1998
Function-based holistic support,Horror,5.9,1993
User-centric radical attitude,Sci-Fi,5.7,1995
Universal optimal Internet solution,Romance,6.9,2011
Future-proofed static frame,Comedy,6.2,1993
Vision-oriented explicit approach,Sci-Fi,9.4,2014
Innovative mobile definition,Romance,6.9,2023
Ameliorated context-sensitive matrices,Sci-Fi,7.0,2023
Intuitive next generation initiative,Thriller,6.3,2010
Operative cohesive website,Sci-Fi,9.2,2011
Reactive disintermediate parallelism,Drama,6.3,1995
Decentralized national policy,Drama,5.7,1996
Seamless background matrices,Romance,6.3,2015
User-friendly static circuit,Adventure,7.3,1991
Pre-emptive discrete framework,Action,5.3,2021
Open-source secondary productivity,Adventure,6.2,2012
Monitored dedicated groupware,Horror,6.9,2012
Assimilated transitional approach,Adventure,5.7,1992
Expanded solution-oriented implementation,Adventure,8.4,2004
Switchable clear-thinking info-mediaries,Action,7.3,2002
Profit-focused global knowledgebase,Thriller,9.2,1995
Automated holistic challenge,Drama,9.0,1992
Focused scalable portal,Sci-Fi,7.3,1995
Synergistic bifurcated superstructure,Romance,7.2,1990
Fundamental optimal instruction set,Horror,5.8,1996
Triple-buffered encompassing circuit,Sci-Fi,8.9,2020
Synergistic well-modulated secured line,Horror,6.3,1993
Exclusive intangible implementation,Sci-Fi,7.3,2001
Ergonomic empowering implementation,Thriller,8.1,2011
User-centric attitude-oriented product,Sci-Fi,8.5,1990
Organized dynamic knowledge user,Adventure,6.2,2018
Business-focused composite productivity,Sci-Fi,7.7,2012
Focused client-server parallelism,Thriller,5.3,2002
Compatible optimal toolset,Sci-Fi,7.1,2007
Exclusive real-time utilization,Drama,5.1,2008
Future-proofed bifurcated info-mediaries,Drama,6.6,2004
Fully-configurable tertiary database,Action,7.8,2009
Down-sized reciprocal solution,Thriller,6.4,2002
Ameliorated object-oriented firmware,Sci-Fi,6.1,2025
Robust bi-directional firmware,Drama,8.3,2006
Profound object-oriented interface,Comedy,6.2,2001
Pre-emptive value-added migration,Sci-Fi,5.7,2000
Exclusive holistic parallelism,Action,6.5,2000
Innovative attitude-oriented archive,Romance,5.9,2008
Cross-platform composite strategy,Action,5.9,2024
Pre-emptive contextually-based approach,Action,6.1,2001
Balanced global migration,Action,6.1,2006
Ameliorated dynamic projection,Sci-Fi,5.2,2006
Profound fresh-thinking alliance,Action,8.8,1999
Extended bandwidth-monitored capacity,Romance,8.4,2025
Inverse asynchronous pricing structure,Romance,6.1,1992
Devolved 5thgeneration portal,Thriller,5.3,1990
Monitored coherent projection,Action,6.2,2007
Down-sized high-level hierarchy,Thriller,6.4,2001
Synchronized asymmetric core,Sci-Fi,5.5,2011
Operative optimizing productivity,Comedy,7.7,2004
Synergistic attitude-oriented website,Comedy,6.7,2011
Reverse-engineered web-enabled intranet,Action,6.4,1994
Switchable exuding paradigm,Thriller,6.5,1998
Enterprise-wide coherent process improvement,Comedy,8.4,2007
Automated fault-tolerant algorithm,Sci-Fi,5.8,2012
Decentralized tangible software,Comedy,5.8,2022
Future-proofed zero administration artificial intelligence,Thriller,7.5,2017
Horizontal analyzing analyzer,Adventure,7.0,1991
Right-sized modular model,Comedy,7.0,2013
Stand-alone content-based pricing structure,Adventure,5.5,2025
Multi-lateral zero-defect customer loyalty,Horror,8.3,2005
Enhanced asymmetric solution,Thriller,6.5,1991
Adaptive zero administration moderator,Drama,7.5,2010
Face-to-face secondary capacity,Sci-Fi,8.9,1999
Reduced global orchestration,Comedy,6.0,1991
Multi-layered upward-trending structure,Horror,7.2,2016
User-centric national protocol,Horror,7.8,2016
Cross-platform methodical website,Horror,9.0,2016
Face-to-face web-enabled synergy,Romance,8.9,2004
Persistent bandwidth-monitored knowledge user,Thriller,8.0,2019
Balanced uniform contingency,Drama,7.7,2014
Customizable solution-oriented Graphical User Interface,Adventure,7.9,1992
Diverse fresh-thinking portal,Horror,9.0,2022
Self-enabling leadingedge capacity,Drama,7.2,1994
Managed 6thgeneration challenge,Adventure,5.8,1999
Mandatory zero-defect moratorium,Romance,7.4,2005
Ameliorated 4thgeneration access,Horror,6.8,2017
Optimized zero administration help-desk,Adventure,7.4,2013
Future-proofed explicit moderator,Horror,5.0,2005
Focused composite synergy,Adventure,8.2,2006
Automated client-driven hardware,Thriller,8.6,1996
Devolved directional archive,Romance,5.1,2003
Object-based local synergy,Romance,7.2,2007
Proactive holistic strategy,Drama,7.6,2014
Compatible regional project,Sci-Fi,9.1,1997
Cloned intangible application,Sci-Fi,7.6,2018
Automated empowering framework,Comedy,8.8,1993
Cross-group logistical superstructure,Thriller,8.6,1996
Proactive multi-state matrix,Horror,8.0,2016
Synergistic intermediate moratorium,Romance,5.6,2015
Focused didactic info-mediaries,Sci-Fi,7.1,2022
Secured reciprocal knowledgebase,Sci-Fi,9.3,1999
Persistent even-keeled moderator,Horror,8.8,1992
Implemented bi-directional circuit,Comedy,6.7,1997
Balanced empowering budgetary management,Romance,7.9,2015
Business-focused disintermediate Internet solution,Comedy,9.4,2025
Ameliorated leadingedge instruction set,Adventure,6.8,2003
Pre-emptive interactive utilization,Drama,7.5,1994
Extended actuating Graphic Interface,Comedy,9.0,2006
Expanded intermediate model,Horror,8.1,2014
Function-based logistical database,Adventure,7.1,1990
Cross-platform value-added function,Horror,5.2,2009
Optimized reciprocal workforce,Drama,8.1,1990
Progressive local emulation,Adventure,5.3,2019
Future-proofed global infrastructure,Sci-Fi,9.2,2012
Universal scalable encryption,Sci-Fi,8.5,2011
Adaptive empowering installation,Sci-Fi,5.7,1990
Multi-tiered maximized throughput,Drama,5.5,2004
Networked national adapter,Sci-Fi,8.0,2025
Business-focused systemic customer loyalty,Adventure,5.9,1993
Fully-configurable 3rdgeneration customer loyalty,Thriller,9.1,2008
Synergized client-driven pricing structure,Horror,6.5,1995
Devolved multi-tasking workforce,Adventure,7.7,2005
Operative clear-thinking knowledgebase,Sci-Fi,5.5,2011
Front-line logistical synergy,Sci-Fi,6.4,1995
Horizontal tertiary project,Thriller,6.8,2022
Object-based secondary implementation,Sci-Fi,8.4,1999
Enterprise-wide contextually-based customer loyalty,Comedy,5.5,2025
Re-contextualized bi-directional encryption,Action,9.0,2019
Ameliorated content-based complexity,Sci-Fi,6.7,1997
Extended 24hour leverage,Thriller,7.6,2013
Ergonomic intermediate hub,Action,7.8,1991
Horizontal bottom-line toolset,Adventure,9.3,1990
Synergistic transitional matrix,Adventure,7.6,2025
Reverse-engineered solution-oriented frame,Romance,7.3,2022
Re-contextualized bandwidth-monitored challenge,Comedy,5.3,1994
Fully-configurable executive system engine,Action,8.5,2011
Quality-focused scalable complexity,Drama,6.4,2016
Enhanced maximized middleware,Action,8.3,1998
Ameliorated hybrid concept,Comedy,8.8,2025
Stand-alone mobile intranet,Thriller,8.6,1996
Down-sized responsive hardware,Action,5.6,2021
Versatile asymmetric benchmark,Romance,5.2,2023
Balanced modular software,Comedy,5.8,2002
Team-oriented exuding software,Horror,9.2,2014
Compatible even-keeled focus group,Sci-Fi,6.1,1995
Inverse contextually-based productivity,Action,7.6,2006
Multi-tiered 5thgeneration process improvement,Romance,7.3,1993
Organized didactic hub,Thriller,9.4,1998
Team-oriented user-facing intranet,Adventure,7.3,2009
Quality-focused reciprocal website,Horror,6.2,2023
Quality-focused zero tolerance initiative,Comedy,6.3,2002
Synergistic dedicated access,Horror,7.2,2014
Organized incremental moratorium,Comedy,6.3,1995
Multi-tiered local application,Comedy,9.3,2009
Enterprise-wide intangible success,Comedy,6.7,2011
Customizable motivating interface,Drama,5.8,2005
Open-source radical extranet,Romance,6.4,2001
Quality-focused composite circuit,Adventure,9.0,1992
Integrated human-resource project,Horror,6.5,1995
Future-proofed zero-defect solution,Sci-Fi,6.2,1998
Horizontal demand-driven Local Area Network,Horror,7.2,2007
Function-based real-time strategy,Action,5.8,2011
Intuitive uniform paradigm,Thriller,6.0,2025
Team-oriented stable support,Horror,6.6,2019
Front-line empowering frame,Horror,9.0,2004
Inverse client-server methodology,Sci-Fi,5.5,2017
Face-to-face 6thgeneration toolset,Comedy,8.9,2021
Exclusive attitude-oriented matrix,Action,9.3,2021
Down-sized zero-defect collaboration,Drama,7.6,2017
Multi-layered dynamic utilization,Drama,7.5,2019
Visionary tertiary algorithm,Romance,5.4,1999
Customer-focused modular forecast,Sci-Fi,8.2,1991
Visionary methodical product,Horror,7.6,2006
Realigned impactful functionalities,Sci-Fi,8.3,2025
Virtual mission-critical capacity,Sci-Fi,8.0,1999
Extended composite hub,Romance,6.5,2022
Devolved well-modulated pricing structure,Sci-Fi,9.4,2006
User-friendly multimedia capability,Horror,5.3,1995
Adaptive client-driven approach,Thriller,5.1,1995
Advanced tertiary workforce,Sci-Fi,5.2,2014
User-friendly well-modulated function,Sci-Fi,5.5,2014
Compatible local conglomeration,Comedy,8.2,1991
Networked clear-thinking conglomeration,Comedy,5.4,2006
Organic bifurcated collaboration,Action,5.4,2021
Automated contextually-based monitoring,Horror,7.4,2004
Horizontal coherent parallelism,Romance,7.5,2023
Enterprise-wide asymmetric conglomeration,Comedy,7.5,2020
Persistent client-server pricing structure,Drama,5.4,2010
Business-focused modular support,Horror,8.5,1991
Advanced object-oriented task-force,Thriller,8.0,1996
Streamlined tertiary policy,Drama,7.7,2018
Multi-channeled mission-critical groupware,Adventure,9.4,2025
Monitored exuding parallelism,Action,9.4,2001
Advanced mission-critical extranet,Thriller,8.0,2025
Streamlined composite encoding,Adventure,9.1,1991
Automated grid-enabled application,Sci-Fi,8.1,1991
Down-sized impactful intranet,Comedy,9.4,2012
Multi-channeled intermediate leverage,Horror,8.0,1998
Quality-focused discrete concept,Horror,5.9,1998
Self-enabling multi-tasking project,Horror,5.2,2025
Profit-focused discrete service-desk,Sci-Fi,5.0,2013
Synergistic well-modulated superstructure,Thriller,5.5,2022
Inverse 3rdgeneration moratorium,Sci-Fi,9.4,2021
Multi-layered zero-defect middleware,Sci-Fi,9.0,1998
Centralized client-server instruction set,Thriller,6.5,1996
Triple-buffered high-level application,Comedy,5.4,2012
Fully-configurable zero administration standardization,Comedy,8.2,1991
Stand-alone responsive circuit,Action,9.4,2000
Open-architected dynamic time-frame,Action,8.4,1996
Multi-lateral client-driven support,Romance,8.6,1990
Function-based object-oriented focus group,Horror,5.5,2014
Advanced transitional parallelism,Sci-Fi,5.5,1995
Phased bi-directional model,Sci-Fi,7.7,1991
Open-architected tertiary frame,Drama,5.8,2017
Synergistic disintermediate concept,Action,5.9,2006
Versatile dynamic encoding,Thriller,8.9,1993
Adaptive radical budgetary management,Thriller,7.7,2016
Synchronized exuding encoding,Comedy,5.5,2016
Horizontal eco-centric moratorium,Sci-Fi,7.8,2003
Persistent 24/7 open architecture,Thriller,7.2,2023
Customer-focused didactic knowledge user,Adventure,5.8,2017
Versatile national encoding,Romance,6.9,2014
Persistent attitude-oriented attitude,Adventure,6.3,2003
Pre-emptive intangible Internet solution,Adventure,7.2,1996
Virtual optimizing focus group,Drama,7.7,2016
Multi-lateral discrete benchmark,Drama,5.4,2017
Programmable heuristic adapter,Thriller,8.2,1995
Reduced upward-trending encoding,Romance,7.0,2006
Fully-configurable national matrix,Action,9.1,1996
Devolved clear-thinking extranet,Comedy,6.2,2000
Organic value-added database,Adventure,8.6,2001
Integrated multi-state framework,Drama,8.6,1992
Seamless system-worthy access,Romance,5.7,2007
Sharable value-added instruction set,Drama,6.8,1999
Compatible tertiary neural-net,Thriller,5.0,1992
Multi-tiered high-level support,Horror,5.8,1993
Seamless stable ability,Drama,7.0,2022
Managed next generation moderator,Action,7.7,1992
User-friendly content-based parallelism,Adventure,9.3,2008
Optional systematic info-mediaries,Adventure,8.6,1990
Persevering clear-thinking middleware,Romance,7.5,2020
Front-line discrete synergy,Action,5.6,2009
Future-proofed explicit moderator,Drama,5.9,1993
Operative multi-state frame,Comedy,5.1,1999
Cloned motivating challenge,Drama,8.0,2002
Ergonomic background middleware,Action,8.9,2017
Proactive multi-tasking forecast,Thriller,6.5,1996
Operative foreground neural-net,Romance,7.7,2013
Face-to-face composite firmware,Sci-Fi,9.4,1995
Proactive composite interface,Drama,6.5,2021
Networked local array,Romance,8.7,2009
Operative well-modulated groupware,Thriller,7.4,1999
Realigned discrete archive,Adventure,8.5,1992
Function-based 5thgeneration focus group,Drama,7.7,2016
Grass-roots systematic budgetary management,Comedy,9.4,1995
Implemented next generation framework,Horror,7.7,1998
Enhanced grid-enabled forecast,Thriller,7.7,1992
Fundamental neutral algorithm,Adventure,7.4,1994
Organic high-level monitoring,Drama,9.1,2010
Configurable disintermediate groupware,Thriller,9.2,1990
Quality-focused tertiary encoding,Comedy,9.0,2014
De-engineered real-time methodology,Thriller,6.4,1992
Robust encompassing interface,Comedy,7.3,1990
Multi-channeled local conglomeration,Horror,5.8,2015
Ameliorated foreground process improvement,Drama,5.3,2000
Object-based system-worthy data-warehouse,Comedy,8.9,2015
Vision-oriented analyzing installation,Adventure,9.2,2018
Ergonomic transitional contingency,Sci-Fi,5.1,2012
Multi-lateral needs-based task-force,Romance,6.9,2005
Inverse radical hardware,Comedy,7.1,2021
Programmable regional Graphic Interface,Sci-Fi,6.3,2006
Sharable context-sensitive contingency,Thriller,6.5,2012
Enterprise-wide demand-driven framework,Action,6.9,1993
Streamlined static forecast,Horror,7.5,2001
Secured fault-tolerant installation,Action,6.0,1997
Up-sized client-server info-mediaries,Action,6.2,1990
Enterprise-wide upward-trending software,Comedy,5.0,2005
Right-sized high-level concept,Horror,5.6,2000
Public-key stable framework,Adventure,8.9,1990
Assimilated motivating approach,Action,8.7,2005
Synergized asynchronous Local Area Network,Thriller,7.8,2004
Devolved holistic project,Thriller,7.1,2023
Customer-focused system-worthy moderator,Romance,7.6,2006
Universal zero tolerance portal,Adventure,6.8,2001
Triple-buffered interactive parallelism,Sci-Fi,7.8,2002
Profit-focused coherent knowledge user,Sci-Fi,6.6,2004
Intuitive even-keeled matrix,Romance,6.0,2018
Monitored client-driven workforce,Adventure,6.8,2010
Programmable needs-based middleware,Thriller,6.8,2008
Multi-channeled stable infrastructure,Comedy,7.3,2019
Proactive composite utilization,Romance,6.2,1994
Proactive discrete standardization,Horror,6.6,2019
Total uniform system engine,Adventure,8.6,1994
Monitored high-level analyzer,Action,5.6,2025
Fundamental client-server instruction set,Comedy,7.0,2000
Persevering neutral collaboration,Action,9.4,1990
Multi-layered multi-tasking ability,Comedy,8.6,2009
Enhanced user-facing Graphic Interface,Thriller,7.8,2024
Seamless transitional database,Romance,9.4,1998
Persistent bottom-line Graphic Interface,Adventure,5.9,2012
Face-to-face web-enabled capacity,Drama,5.8,1999
Secured dedicated system engine,Comedy,8.7,1994
Versatile local task-force,Thriller,7.0,2007
Phased cohesive synergy,Action,8.6,2021
Profound multi-tasking strategy,Action,7.6,2002
Open-source value-added methodology,Action,5.7,1998
Public-key coherent array,Thriller,7.3,2017
Persistent background Graphic Interface,Drama,9.0,2003
Decentralized full-range product,Romance,8.3,2015
Inverse non-volatile contingency,Action,5.7,2003
Expanded content-based algorithm,Romance,6.0,2009
Team-oriented disintermediate installation,Adventure,6.9,2010
Decentralized tertiary architecture,Romance,8.1,1996
Balanced upward-trending capability,Action,5.9,1996
Managed didactic core,Romance,9.0,1993
Down-sized encompassing leverage,Romance,8.2,2001
Innovative foreground open system,Horror,5.9,1993
Profound stable approach,Romance,9.3,1992
Adaptive next generation neural-net,Romance,5.9,2008
Progressive well-modulated access,Adventure,5.2,1991
Operative solution-oriented matrices,Action,5.5,1998
Exclusive bi-directional groupware,Sci-Fi,6.7,2025
Distributed well-modulated core,Horror,7.5,2008
Proactive object-oriented moderator,Horror,5.2,1999
Public-key impactful database,Action,5.5,2024
Reduced neutral Internet solution,Horror,7.8,1994
Configurable asynchronous challenge,Comedy,8.3,2005
Realigned composite conglomeration,Horror,7.2,2020
Horizontal bottom-line hierarchy,Comedy,8.0,2011
Mandatory demand-driven product,Comedy,8.1,2002
Sharable attitude-oriented process improvement,Sci-Fi,8.5,1993
Inverse contextually-based ability,Thriller,7.6,2002
Synergized upward-trending toolset,Action,8.0,1999
Pre-emptive foreground matrices,Action,8.8,2009
Total incremental frame,Sci-Fi,6.7,1991
Function-based heuristic process improvement,Comedy,9.5,2000
Assimilated eco-centric framework,Horror,6.3,2012
Cloned 3rdgeneration approach,Thriller,5.6,2003
Assimilated hybrid help-desk,Adventure,6.3,2009
Switchable discrete moderator,Action,8.7,2006
Virtual optimal info-mediaries,Horror,6.0,2001
Monitored didactic time-frame,Comedy,8.3,2016
Mandatory global open architecture,Romance,6.3,2002
Intuitive user-facing initiative,Sci-Fi,8.7,2013
Team-oriented bottom-line firmware,Thriller,7.8,2006
Ergonomic bi-directional info-mediaries,Adventure,5.9,1993
Mandatory multimedia capacity,Comedy,8.3,2017
Re-engineered zero administration concept,Drama,7.3,2014
Exclusive maximized implementation,Sci-Fi,8.0,2012
Customer-focused well-modulated open system,Adventure,6.5,2009
Synergistic human-resource moratorium,Horror,6.7,1993
Polarized grid-enabled matrices,Adventure,7.5,1997
Synchronized logistical superstructure,Thriller,8.3,2006
Switchable empowering architecture,Adventure,8.7,1996
User-friendly static frame,Sci-Fi,7.2,2012
Synergistic non-volatile initiative,Comedy,6.5,1992
Re-contextualized executive open system,Action,8.5,2025
Intuitive logistical support,Action,5.4,2005
Assimilated client-driven initiative,Action,7.3,2010
Self-enabling background structure,Horror,6.6,2015
Monitored eco-centric firmware,Adventure,7.6,2021
Managed multi-state algorithm,Horror,6.6,2012
Automated empowering data-warehouse,Adventure,5.6,2011
Automated executive synergy,Romance,8.0,2012
Function-based bifurcated budgetary management,Thriller,8.1,2014
Customizable explicit strategy,Drama,7.0,2025
Organic methodical forecast,Action,6.2,2017
Right-sized zero administration definition,Comedy,8.0,2020
Public-key contextually-based toolset,Romance,9.2,2011
Virtual grid-enabled utilization,Comedy,6.7,2012
Exclusive discrete hierarchy,Drama,6.1,1995
Business-focused intangible frame,Comedy,6.9,2021
Centralized bifurcated knowledgebase,Sci-Fi,9.0,2016
Pre-emptive systematic project,Thriller,8.8,2004
Versatile non-volatile collaboration,Thriller,5.7,2019
Down-sized bi-directional orchestration,Drama,5.5,2024
Upgradable demand-driven complexity,Romance,6.0,2022
Business-focused systematic matrix,Romance,5.2,1998
Organized leadingedge orchestration,Comedy,5.5,1997
Fully-configurable systematic challenge,Sci-Fi,5.2,2022
Compatible solution-oriented matrix,Thriller,8.7,1996
User-centric dedicated Graphic Interface,Action,6.4,2024
Team-oriented static service-desk,Drama,6.1,1996
Proactive needs-based parallelism,Romance,9.4,2010
Assimilated national application,Romance,7.3,2022
Focused 6thgeneration utilization,Romance,9.0,2006
Customizable user-facing product,Action,5.5,2014
Front-line non-volatile toolset,Romance,8.0,2000
Monitored content-based complexity,Action,6.2,2016
Streamlined client-driven circuit,Drama,9.2,2022
Quality-focused maximized database,Romance,9.0,2007
Diverse zero administration pricing structure,Adventure,7.0,1993
Reactive intangible concept,Drama,9.0,1993
Assimilated multimedia Graphical User Interface,Adventure,5.1,2009
Object-based user-facing help-desk,Sci-Fi,8.1,2009
Visionary real-time success,Romance,8.5,2021
User-centric tertiary capability,Action,7.5,2000
Function-based dedicated focus group,Action,9.1,2022
Pre-emptive leadingedge forecast,Drama,9.2,2004
Phased maximized matrices,Romance,8.7,2008
Devolved homogeneous approach,Drama,5.4,2008
Cross-group static matrices,Romance,5.3,1990
Grass-roots holistic moderator,Adventure,7.1,1999
Seamless zero tolerance hub,Thriller,6.8,2010
Enterprise-wide mobile utilization,Adventure,6.8,2009
Enterprise-wide value-added model,Horror,5.4,2016
Diverse heuristic frame,Drama,7.6,2017
Optimized uniform system engine,Romance,5.7,2007
Distributed tertiary collaboration,Sci-Fi,6.1,1991
Diverse motivating access,Thriller,5.4,2025
Persevering demand-driven productivity,Horror,6.3,2015
Cloned value-added installation,Sci-Fi,6.0,1993
Managed actuating middleware,Action,8.5,2005
Fundamental attitude-oriented extranet,Romance,6.3,2012
Cloned foreground open system,Action,5.1,1997
Grass-roots grid-enabled policy,Adventure,8.3,2004
Persistent contextually-based knowledgebase,Thriller,7.4,2012
Cloned 24/7 implementation,Sci-Fi,5.3,2018
Configurable value-added middleware,Drama,8.3,2023
User-centric leadingedge methodology,Adventure,7.4,2003
Organic local moratorium,Comedy,9.2,2006
Seamless even-keeled attitude,Comedy,8.5,1992
Diverse bi-directional installation,Sci-Fi,7.0,1998
Universal bottom-line approach,Sci-Fi,9.5,2021
Optional fault-tolerant info-mediaries,Adventure,8.0,2012
Re-contextualized methodical paradigm,Sci-Fi,7.0,2017
Total systematic workforce,Sci-Fi,9.4,2019
Stand-alone hybrid complexity,Adventure,6.7,1993
Switchable systemic definition,Sci-Fi,5.1,2009
Sharable tangible algorithm,Thriller,6.8,2012
Integrated tertiary website,Thriller,8.1,1993
Open-source modular structure,Adventure,7.3,1993
Grass-roots 24/7 data-warehouse,Sci-Fi,7.0,2014
Virtual maximized implementation,Drama,7.1,1993
Devolved multimedia support,Comedy,7.0,1995
Assimilated motivating superstructure,Thriller,6.0,2022
Phased 5thgeneration implementation,Horror,8.6,1996
Secured high-level encoding,Adventure,6.6,2017
Managed dynamic array,Thriller,5.1,2003
Optional high-level conglomeration,Drama,8.5,1998
Profit-focused analyzing leverage,Comedy,5.2,2000
Customizable upward-trending policy,Comedy,5.2,2024
Inverse web-enabled algorithm,Action,9.0,2009
Managed reciprocal synergy,Horror,8.7,1998
Integrated 4thgeneration Graphic Interface,Thriller,6.6,2023
Upgradable web-enabled Local Area Network,Drama,6.4,2007
Compatible 3rdgeneration functionalities,Adventure,6.1,2020
Face-to-face systemic throughput,Sci-Fi,8.3,2005
Stand-alone leadingedge installation,Adventure,9.2,1991
Universal even-keeled interface,Action,8.3,2024
Progressive solution-oriented concept,Horror,6.1,1990
Customizable bottom-line strategy,Horror,8.2,1998
Automated cohesive structure,Adventure,5.7,2000
Fundamental optimizing standardization,Romance,8.2,2017
Implemented leadingedge system engine,Thriller,7.9,2021
Face-to-face high-level archive,Drama,7.7,2007
Managed high-level task-force,Romance,6.0,1992
Face-to-face value-added hierarchy,Action,6.3,1996
Vision-oriented tangible database,Comedy,7.8,2016
Optimized full-range conglomeration,Action,9.3,2006
Front-line 5thgeneration infrastructure,Adventure,7.0,1998
Advanced 3rdgeneration parallelism,Romance,5.7,2012
Reactive uniform array,Sci-Fi,6.0,2021
Compatible zero-defect data-warehouse,Adventure,7.3,2006
Total bottom-line product,Thriller,7.7,2017
Exclusive impactful benchmark,Drama,8.1,2017
Assimilated encompassing initiative,Thriller,9.0,2005
Right-sized asymmetric matrices,Action,5.7,2009
Realigned grid-enabled hierarchy,Horror,5.9,1990
Switchable bottom-line throughput,Action,8.5,1992
Intuitive eco-centric paradigm,Thriller,7.7,2010
Reduced multi-tasking benchmark,Horror,6.6,1995
Cross-group full-range architecture,Action,5.3,1994
Optional fresh-thinking parallelism,Comedy,7.0,2020
Organic optimal access,Action,7.7,1993
Exclusive homogeneous customer loyalty,Romance,8.4,1991
Robust interactive system engine,Thriller,5.9,2013
Ameliorated contextually-based pricing structure,Comedy,7.8,1991
Object-based directional data-warehouse,Horror,7.2,1991
Distributed didactic time-frame,Action,7.1,2002
Optional logistical open architecture,Horror,7.9,2015
Fundamental multimedia toolset,Horror,8.4,1994
Enterprise-wide systemic policy,Thriller,9.0,2018
Open-architected demand-driven access,Adventure,8.0,2006
User-centric coherent core,Thriller,8.0,2013
Operative tertiary matrices,Action,6.9,2011
Balanced executive encoding,Horror,6.2,2008
User-centric cohesive moderator,Sci-Fi,6.8,2011
Streamlined real-time application,Thriller,9.2,2025
Team-oriented content-based instruction set,Action,8.9,1993
Function-based incremental core,Comedy,7.4,1994
Intuitive regional capacity,Thriller,7.7,2025
Profit-focused homogeneous extranet,Adventure,8.6,2017
Compatible homogeneous website,Action,9.5,2022
Enhanced homogeneous encoding,Sci-Fi,6.5,2011
Profit-focused content-based approach,Sci-Fi,9.3,2001
Triple-buffered tangible hardware,Comedy,5.5,1995
Cross-platform systemic knowledgebase,Drama,6.2,2005
Stand-alone upward-trending productivity,Drama,8.4,2006
Re-engineered discrete interface,Comedy,6.3,2004
Diverse leadingedge protocol,Horror,5.0,1991
Enterprise-wide cohesive definition,Horror,8.3,1999
Team-oriented modular instruction set,Adventure,7.3,1991
Customer-focused cohesive toolset,Comedy,7.9,1998
Open-source secondary standardization,Sci-Fi,6.9,2025
Implemented explicit benchmark,Romance,8.5,1992
Reduced hybrid intranet,Action,9.4,2008
Implemented eco-centric data-warehouse,Drama,8.1,2011
Persevering local extranet,Thriller,7.5,1995
De-engineered contextually-based concept,Comedy,6.0,1993
Customer-focused hybrid strategy,Romance,8.1,1997
Open-source web-enabled data-warehouse,Adventure,6.8,2017
Exclusive asymmetric encoding,Drama,5.5,2004
Balanced fresh-thinking budgetary management,Action,5.6,2014
Right-sized didactic info-mediaries,Romance,8.9,2017
Function-based cohesive alliance,Drama,6.6,2025
Optimized systemic frame,Drama,5.2,2016
Proactive tertiary orchestration,Comedy,6.8,2003
Total value-added policy,Action,8.9,2024
Robust transitional model,Thriller,5.8,1992
Monitored demand-driven success,Action,7.9,2017
Business-focused encompassing archive,Action,6.9,1994
Networked discrete attitude,Sci-Fi,8.0,2019
Future-proofed real-time knowledge user,Thriller,7.0,2004
Object-based bi-directional capability,Comedy,5.1,2022
Reverse-engineered static framework,Romance,7.8,2019
Front-line background core,Romance,6.3,2021
Business-focused real-time encoding,Drama,7.1,2017
Ameliorated context-sensitive portal,Sci-Fi,7.5,2006
Networked cohesive encryption,Romance,9.4,1990
Secured bottom-line contingency,Action,5.9,1996
User-centric solution-oriented interface,Action,7.9,2009
Persevering client-driven circuit,Comedy,9.5,2013
Realigned composite capability,Adventure,6.2,1994
Profit-focused hybrid help-desk,Action,6.0,2021
Centralized contextually-based time-frame,Drama,7.9,2025
Stand-alone object-oriented attitude,Horror,8.0,2006
Triple-buffered upward-trending emulation,Drama,9.0,1995
Integrated cohesive emulation,Romance,6.0,1994
Assimilated zero administration initiative,Thriller,6.9,1993
Public-key attitude-oriented service-desk,Drama,6.7,2018
Sharable hybrid knowledge user,Adventure,5.6,2022
Up-sized systematic installation,Sci-Fi,8.4,2009
Digitized client-driven circuit,Drama,5.5,1995
Up-sized composite help-desk,Action,7.5,2006
Pre-emptive 24/7 ability,Action,8.8,2003
Open-source value-added archive,Adventure,7.2,2007
Open-architected bi-directional extranet,Adventure,5.0,2013
Networked zero administration support,Action,6.4,2020
Switchable uniform array,Comedy,8.9,1996
Re-contextualized transitional interface,Horror,8.0,2013
Operative tangible Graphical User Interface,Comedy,7.3,2022
Reverse-engineered neutral middleware,Comedy,8.7,2010
User-friendly full-range utilization,Comedy,6.1,2025
Customizable needs-based parallelism,Horror,8.1,1991
Configurable uniform emulation,Romance,8.9,2019
Front-line object-oriented Graphical User Interface,Drama,6.9,2017
Profit-focused zero tolerance open architecture,Adventure,6.4,2008
Persevering neutral secured line,Comedy,8.5,2008
Profit-focused multi-state Local Area Network,Horror,6.7,1990
Persevering context-sensitive initiative,Drama,9.5,1990
Fundamental scalable process improvement,Drama,6.4,2006
Fundamental background toolset,Comedy,8.5,2007
Self-enabling mobile extranet,Comedy,8.9,2023
Multi-layered global framework,Thriller,9.3,1995
Visionary discrete Graphic Interface,Action,6.8,2006
Advanced web-enabled productivity,Drama,6.1,1996
Seamless object-oriented attitude,Thriller,8.9,2012
Compatible dynamic function,Horror,9.2,2016
Phased multi-state forecast,Comedy,5.4,2017
Sharable 4thgeneration database,Action,8.4,2014
Down-sized high-level analyzer,Horror,8.9,1998
Optimized didactic methodology,Sci-Fi,6.5,2010
Digitized real-time synergy,Adventure,7.7,1994
Cross-group optimizing infrastructure,Romance,6.6,2011
Automated contextually-based portal,Comedy,8.4,1998
Configurable fresh-thinking flexibility,Horror,6.2,2014
Inverse 24hour interface,Sci-Fi,8.1,1991
Profound optimal parallelism,Sci-Fi,7.8,2004
De-engineered scalable standardization,Romance,9.4,2011
User-friendly bandwidth-monitored hub,Horror,6.8,2017
Extended actuating policy,Sci-Fi,6.2,1999
Multi-layered foreground initiative,Romance,6.7,2008
Stand-alone coherent architecture,Sci-Fi,7.7,1997
Sharable executive instruction set,Romance,8.2,2006
Persistent cohesive success,Drama,7.1,1996
Digitized context-sensitive capacity,Sci-Fi,7.0,2006
Profit-focused background system engine,Sci-Fi,9.4,1995
Profit-focused executive process improvement,Action,6.4,2005
Multi-tiered eco-centric utilization,Romance,6.2,2007
Enterprise-wide hybrid application,Sci-Fi,5.7,1995
Sharable disintermediate ability,Horror,8.9,1995
Intuitive attitude-oriented function,Action,9.1,1991
Optional actuating methodology,Sci-Fi,9.1,2002
Phased homogeneous productivity,Horror,9.0,2022
Reverse-engineered tangible workforce,Drama,5.6,2000
Inverse solution-oriented functionalities,Comedy,8.7,2008
Cloned zero tolerance hardware,Action,7.8,2010
Stand-alone human-resource standardization,Thriller,8.8,2023
Face-to-face zero-defect workforce,Horror,5.6,2016
Up-sized didactic architecture,Comedy,9.1,2016
Re-contextualized 3rdgeneration projection,Comedy,6.4,1994
Customer-focused reciprocal collaboration,Horror,6.7,2024
Profound zero-defect moratorium,Action,8.4,2010
Versatile regional middleware,Action,7.1,2007
Ameliorated uniform functionalities,Drama,6.7,2001
Proactive well-modulated definition,Horror,8.5,2022
Customizable client-driven leverage,Action,6.8,2018
Monitored incremental definition,Comedy,8.8,2021
Intuitive 6thgeneration time-frame,Romance,5.2,2022
Expanded local challenge,Thriller,5.8,1995
Extended high-level artificial intelligence,Adventure,9.3,2003
Advanced intermediate definition,Thriller,8.3,2021
Multi-channeled holistic complexity,Romance,9.5,2025
Phased attitude-oriented support,Action,9.3,2022
Implemented radical Graphical User Interface,Action,9.2,2018
Cross-group fresh-thinking definition,Drama,6.6,2022
Decentralized transitional matrices,Comedy,5.6,2009
Right-sized optimal portal,Sci-Fi,9.3,2022
Business-focused tangible migration,Horror,8.1,2022
Up-sized foreground flexibility,Drama,6.0,2001
Cloned optimizing migration,Horror,5.2,1994
Quality-focused 24hour structure,Action,9.2,2006
Sharable asymmetric attitude,Action,8.1,1994
Exclusive 4thgeneration implementation,Comedy,8.7,1992
Balanced needs-based circuit,Drama,8.4,2014
Streamlined executive hardware,Action,7.2,2004
Reduced mission-critical architecture,Sci-Fi,9.4,2002
Devolved systemic interface,Sci-Fi,8.4,2024
Decentralized content-based frame,Drama,9.3,2016
Implemented intangible flexibility,Sci-Fi,7.6,1993
Triple-buffered content-based database,Comedy,5.6,2007
Balanced scalable policy,Action,5.2,2011
Assimilated solution-oriented customer loyalty,Thriller,8.8,1996
Re-contextualized methodical neural-net,Sci-Fi,7.4,2020
Enterprise-wide executive middleware,Sci-Fi,7.0,2001
Configurable solution-oriented Local Area Network,Sci-Fi,9.2,2020
Optimized static initiative,Comedy,7.8,2001
Reverse-engineered fault-tolerant parallelism,Romance,8.8,2013
Customizable composite encoding,Adventure,8.1,2005
Seamless fresh-thinking portal,Romance,6.2,2019
Profound static time-frame,Comedy,6.9,2001
Compatible reciprocal infrastructure,Romance,7.7,2006
Progressive upward-trending capacity,Comedy,6.7,1994
Programmable homogeneous challenge,Comedy,5.2,1991
Focused logistical collaboration,Adventure,6.6,1991
Multi-lateral tangible infrastructure,Drama,8.4,1996
Multi-channeled composite circuit,Action,8.2,2015
Persevering uniform matrix,Sci-Fi,5.2,1995
User-friendly composite strategy,Comedy,6.5,2009
Self-enabling dynamic middleware,Drama,5.6,1991
Secured cohesive throughput,Romance,6.4,2009
Open-source bifurcated paradigm,Romance,8.4,2002
Mandatory solution-oriented moderator,Adventure,6.8,1990
Self-enabling analyzing structure,Thriller,8.4,2016
Switchable context-sensitive open architecture,Adventure,6.8,2018
Sharable bifurcated focus group,Comedy,9.3,2004
Profit-focused composite database,Horror,6.0,1991
Re-engineered actuating success,Horror,9.5,2012
Open-architected 4thgeneration circuit,Romance,6.9,2008
Compatible neutral intranet,Action,9.1,1997
Team-oriented bifurcated pricing structure,Romance,6.1,2011
Optimized scalable initiative,Horror,5.9,2002
Innovative 24hour Internet solution,Drama,6.7,2024
Switchable attitude-oriented Graphic Interface,Adventure,7.5,1990
Horizontal intermediate protocol,Drama,6.4,2020
Total uniform secured line,Comedy,8.7,1996
Profit-focused bandwidth-monitored contingency,Horror,5.4,1993
Polarized 5thgeneration architecture,Action,9.4,2021
Re-contextualized 24hour architecture,Comedy,7.1,2009
Customer-focused coherent initiative,Romance,7.3,2022
Self-enabling composite project,Horror,8.3,2008
Automated well-modulated customer loyalty,Action,7.8,2007
Multi-tiered grid-enabled policy,Adventure,5.2,2015
Down-sized logistical solution,Action,8.1,2002
Visionary client-server project,Adventure,5.9,1998
Enhanced heuristic protocol,Thriller,7.8,1997
Implemented interactive migration,Adventure,6.9,2017
Monitored analyzing complexity,Sci-Fi,9.4,2001
User-friendly encompassing hierarchy,Comedy,6.0,2018
Streamlined static installation,Thriller,5.0,2012
Reactive demand-driven infrastructure,Comedy,5.3,1992
Cross-group hybrid parallelism,Comedy,7.4,2020
Seamless 3rdgeneration leverage,Action,7.2,2015
Multi-channeled object-oriented orchestration,Action,7.5,2024
Optimized eco-centric parallelism,Comedy,8.0,2020
Multi-channeled 3rdgeneration utilization,Thriller,5.5,1995
Ergonomic bi-directional pricing structure,Sci-Fi,7.3,1999
Synchronized cohesive task-force,Action,8.8,2002
Polarized user-facing product,Horror,8.5,1998
Organized incremental attitude,Drama,8.1,2009
Team-oriented object-oriented moderator,Action,9.0,2002
Horizontal full-range emulation,Thriller,7.6,2013
Grass-roots zero-defect open system,Romance,8.7,1992
Grass-roots interactive alliance,Sci-Fi,6.1,2025
Devolved 24/7 neural-net,Drama,8.6,2023
Cloned next generation info-mediaries,Drama,7.7,2009
Automated 24/7 artificial intelligence,Action,8.5,2012
Fully-configurable bifurcated protocol,Romance,8.0,2012
Realigned exuding application,Sci-Fi,5.3,1991
Phased global structure,Adventure,6.9,2021
Cloned interactive website,Thriller,7.6,2009
Switchable background projection,Sci-Fi,7.8,2013
Ergonomic secondary service-desk,Thriller,6.1,2022
Progressive high-level solution,Adventure,6.8,2002
Fully-configurable clear-thinking project,Action,7.3,2018
User-centric even-keeled success,Sci-Fi,7.5,2011
User-centric cohesive definition,Horror,6.4,2014
Exclusive bottom-line pricing structure,Drama,7.7,2005
Customizable radical alliance,Action,7.9,2001
Open-architected bifurcated circuit,Adventure,8.4,1997
Managed client-driven time-frame,Romance,7.2,2010
Adaptive asynchronous model,Thriller,9.0,1999
Networked grid-enabled firmware,Romance,7.1,1990
Open-architected uniform hub,Thriller,9.2,1999
Organized incremental neural-net,Drama,9.5,1992
Open-architected 5thgeneration standardization,Action,9.5,2021
Fundamental composite Graphical User Interface,Action,8.1,2013
Switchable context-sensitive standardization,Sci-Fi,7.9,2016
Upgradable explicit groupware,Sci-Fi,5.7,1990
Realigned zero tolerance firmware,Horror,5.1,1995
Horizontal fault-tolerant budgetary management,Romance,7.0,2002
Re-contextualized tertiary website,Action,5.1,2004
Compatible radical attitude,Sci-Fi,6.3,2014
Open-architected non-volatile attitude,Action,5.8,2020
Up-sized clear-thinking functionalities,Comedy,6.9,2006
Organized attitude-oriented Local Area Network,Thriller,8.3,2012
Distributed mission-critical implementation,Comedy,5.7,2000
Digitized global algorithm,Action,7.6,2006
Upgradable user-facing protocol,Drama,7.8,2007
Cloned upward-trending success,Romance,7.6,1995
Exclusive neutral solution,Comedy,6.0,1990
Organic radical contingency,Sci-Fi,9.5,2013
Re-engineered 24/7 superstructure,Drama,7.3,2006
Down-sized intermediate middleware,Comedy,6.3,2014
Customer-focused bottom-line product,Horror,7.4,2009
Public-key stable strategy,Horror,5.5,2014
Integrated tangible emulation,Sci-Fi,6.2,2012
Realigned scalable extranet,Thriller,8.3,2002
Enhanced even-keeled product,Adventure,7.6,2012
Profit-focused bandwidth-monitored portal,Drama,6.6,1998
Up-sized methodical middleware,Romance,5.2,2008
Polarized interactive project,Thriller,6.6,1994
Reduced radical matrix,Thriller,7.5,1995
Down-sized attitude-oriented info-mediaries,Action,7.7,2016
Quality-focused holistic data-warehouse,Thriller,8.8,2025
Automated optimizing challenge,Action,5.9,1997
Centralized optimal approach,Adventure,8.4,2010
Networked optimal Graphical User Interface,Action,5.5,2023
Horizontal user-facing ability,Thriller,7.8,2016
Enterprise-wide web-enabled contingency,Sci-Fi,6.8,2012
Re-contextualized stable secured line,Drama,8.6,2005
Expanded foreground budgetary management,Action,5.5,2018
Operative bi-directional approach,Adventure,7.3,2001
Focused global instruction set,Thriller,6.8,2019
Pre-emptive systemic access,Action,7.6,2020
Visionary composite approach,Sci-Fi,9.3,2023
Optimized intermediate website,Drama,8.2,2014
Synergistic attitude-oriented interface,Romance,8.0,2022
Front-line radical collaboration,Horror,5.2,2010
Intuitive zero tolerance moratorium,Drama,6.4,2016
Operative 24/7 synergy,Action,6.6,2002
Phased optimal capability,Romance,7.0,1998
Networked zero-defect capacity,Horror,9.5,2019
Robust solution-oriented array,Horror,5.9,2013
Cross-platform systematic moderator,Action,6.7,1993
Organic stable secured line,Action,6.8,2013
Devolved multi-tasking portal,Drama,5.3,2020
Multi-layered analyzing utilization,Horror,7.9,2020
Diverse 24/7 success,Action,6.4,2024
Centralized directional matrices,Sci-Fi,7.5,1994
Profound well-modulated ability,Drama,7.2,2011
Persistent systematic alliance,Action,8.5,1992
Face-to-face dedicated hub,Horror,7.8,1990
Self-enabling neutral benchmark,Action,9.2,2000
Self-enabling tertiary approach,Romance,9.1,2010
Customizable optimizing capability,Drama,6.2,2009
Secured 6thgeneration encoding,Thriller,7.0,2005
Managed encompassing parallelism,Thriller,8.4,2021
Switchable executive functionalities,Sci-Fi,8.7,1990
Focused 24hour frame,Romance,7.2,2005
Object-based full-range benchmark,Adventure,7.8,2016
Monitored asynchronous customer loyalty,Thriller,5.3,2017
Function-based empowering alliance,Romance,7.9,2000
Fundamental optimizing moderator,Adventure,8.7,2018
Adaptive multimedia support,Action,6.2,2004
Visionary neutral intranet,Horror,5.1,2021
Right-sized real-time moratorium,Adventure,6.9,1993
Automated methodical adapter,Comedy,7.6,1998
Integrated composite orchestration,Adventure,8.2,2009
Customizable coherent protocol,Sci-Fi,8.3,1995
Vision-oriented leadingedge project,Comedy,5.2,1995
Upgradable impactful Graphical User Interface,Sci-Fi,8.9,1997
Phased systematic interface,Thriller,8.8,2020
Distributed system-worthy structure,Sci-Fi,8.7,2002
Cloned coherent superstructure,Drama,8.0,2016
Progressive next generation emulation,Sci-Fi,5.9,2001
Automated zero-defect Graphic Interface,Action,7.9,2006
Expanded explicit productivity,Drama,7.9,1991
Streamlined upward-trending methodology,Adventure,5.6,2010
Exclusive asymmetric instruction set,Action,7.1,2021
Multi-channeled 24hour hierarchy,Horror,5.7,2020
Synergistic homogeneous encryption,Comedy,8.8,2024
Phased coherent toolset,Sci-Fi,6.5,1998
Down-sized high-level website,Adventure,6.9,2014
Adaptive composite software,Horror,6.8,2001
Universal logistical policy,Adventure,6.0,2009
Distributed real-time functionalities,Sci-Fi,9.4,2007
Re-engineered user-facing architecture,Sci-Fi,8.0,2013
Optional foreground infrastructure,Thriller,5.7,2000
Triple-buffered 24/7 structure,Action,8.7,2013
Self-enabling coherent structure,Comedy,9.4,2003
Seamless discrete strategy,Horror,5.1,1998
Enhanced clear-thinking approach,Action,5.3,2022
Synergized 5thgeneration orchestration,Comedy,6.8,2007
Focused hybrid support,Drama,7.9,2006
Stand-alone stable knowledgebase,Thriller,7.8,2016
Multi-lateral local model,Sci-Fi,7.9,2002
Centralized dedicated process improvement,Thriller,9.4,1992
Cross-group didactic initiative,Drama,7.4,2023
Balanced system-worthy instruction set,Action,8.5,1993
Future-proofed reciprocal emulation,Horror,5.9,2010
Synergized next generation encoding,Adventure,8.0,2024
Cloned intermediate migration,Romance,7.5,2003
Innovative homogeneous hub,Action,8.7,2015
Upgradable content-based complexity,Sci-Fi,7.3,2010
Ergonomic 6thgeneration hub,Comedy,5.9,1999
Down-sized high-level contingency,Romance,7.1,2020
Sharable empowering analyzer,Comedy,7.4,2019
Operative discrete methodology,Sci-Fi,6.0,2009
Re-engineered maximized portal,Action,8.9,2021
Compatible attitude-oriented collaboration,Comedy,5.6,2018
Intuitive national archive,Sci-Fi,9.4,2001
Visionary hybrid collaboration,Thriller,7.4,1990
Face-to-face attitude-oriented capability,Thriller,7.8,2007
Streamlined directional paradigm,Sci-Fi,8.8,2021
Profound multi-tasking budgetary management,Comedy,7.9,2009
Re-engineered asymmetric utilization,Sci-Fi,9.1,1997
Organic national analyzer,Sci-Fi,5.7,2006
Implemented dedicated time-frame,Adventure,6.3,2015
Profit-focused non-volatile architecture,Adventure,6.6,2018
Cross-group directional database,Action,8.8,1998
Customizable next generation ability,Drama,9.2,2016
Progressive coherent monitoring,Comedy,9.1,2022
Fundamental client-server knowledgebase,Romance,6.7,2004
Exclusive foreground interface,Sci-Fi,5.5,2012
Public-key composite website,Romance,5.2,1996
Phased optimizing customer loyalty,Sci-Fi,8.0,2023
Multi-tiered 5thgeneration challenge,Thriller,6.7,2010
Programmable real-time software,Adventure,7.5,2020
Pre-emptive high-level portal,Action,9.0,1995
Secured zero tolerance standardization,Horror,8.9,1999
Front-line neutral intranet,Romance,8.0,2005
Universal global framework,Action,6.0,2022
Assimilated 3rdgeneration algorithm,Horror,7.1,2015
Enhanced 6thgeneration forecast,Sci-Fi,6.5,2023
Visionary mission-critical orchestration,Action,8.9,2001
Balanced real-time framework,Drama,6.3,2015
Re-contextualized optimizing hardware,Drama,8.8,2006
Synergized solution-oriented secured line,Drama,8.4,2023
Visionary scalable adapter,Action,9.1,2018
Streamlined upward-trending implementation,Action,5.9,1996
Fully-configurable background time-frame,Horror,8.2,2010
Reduced attitude-oriented middleware,Horror,8.9,2019
Advanced empowering forecast,Romance,5.5,2005
Vision-oriented fault-tolerant matrix,Thriller,8.6,2022
Triple-buffered mission-critical project,Action,6.3,2018
Synchronized demand-driven archive,Sci-Fi,8.7,2007
Mandatory radical forecast,Adventure,8.1,1992
Extended even-keeled throughput,Horror,6.7,2020
Profound homogeneous data-warehouse,Adventure,6.3,2012
Vision-oriented reciprocal utilization,Thriller,5.5,2011
Centralized bi-directional encoding,Action,6.7,2013
Triple-buffered executive complexity,Sci-Fi,8.8,1999
Extended full-range support,Horror,5.8,2011
Polarized heuristic policy,Drama,6.7,2014
Down-sized cohesive monitoring,Action,7.1,2005
Centralized national workforce,Sci-Fi,6.6,2006
Focused incremental array,Adventure,6.3,2009
Centralized mobile artificial intelligence,Thriller,6.9,2010
Public-key upward-trending strategy,Romance,9.2,1991
Configurable tangible circuit,Adventure,6.5,1990
Programmable client-server benchmark,Sci-Fi,6.4,2025
Optimized local implementation,Adventure,6.0,1998
Extended 24hour array,Romance,6.1,2009
Grass-roots tangible customer loyalty,Sci-Fi,5.6,1993
Public-key content-based flexibility,Adventure,5.0,2001
Public-key bifurcated adapter,Thriller,8.8,1991
Adaptive coherent extranet,Drama,7.7,2005
Polarized clear-thinking alliance,Adventure,8.6,1997
Multi-tiered real-time knowledgebase,Action,7.4,1998
Stand-alone logistical orchestration,Horror,7.1,2009
Team-oriented foreground toolset,Sci-Fi,7.9,2024
Integrated full-range moderator,Horror,8.2,1991
Sharable encompassing access,Drama,7.9,1993
Object-based solution-oriented orchestration,Thriller,8.3,2010
Programmable intermediate data-warehouse,Sci-Fi,7.4,2017
Innovative next generation methodology,Romance,5.6,2005
Upgradable logistical Internet solution,Comedy,6.4,2015
Operative system-worthy firmware,Thriller,5.8,1997
Realigned context-sensitive core,Drama,8.1,1993
Ameliorated static concept,Action,9.2,2013
Expanded value-added customer loyalty,Sci-Fi,7.9,1997
Implemented mobile moderator,Horror,7.6,2022
Customer-focused 6thgeneration intranet,Action,6.0,2011
Triple-buffered radical emulation,Horror,8.0,2024
Quality-focused systematic complexity,Romance,9.0,2022
Organic asynchronous superstructure,Romance,7.9,1992
Devolved methodical collaboration,Drama,7.1,2011
Business-focused human-resource algorithm,Comedy,8.7,2000
Integrated responsive pricing structure,Horror,6.3,2006
Decentralized incremental structure,Adventure,8.5,2021
Seamless human-resource hub,Action,6.4,2008
Horizontal next generation focus group,Thriller,8.2,2009
Vision-oriented attitude-oriented contingency,Adventure,5.7,1992
Front-line context-sensitive groupware,Thriller,8.1,2008
Proactive web-enabled open system,Thriller,5.2,1996
Streamlined multi-tasking adapter,Adventure,6.0,1996
Streamlined didactic info-mediaries,Horror,5.1,2004
Public-key systematic ability,Comedy,7.0,2022
Realigned multimedia open architecture,Thriller,5.9,2001
Function-based mission-critical algorithm,Horror,9.4,1999
Profit-focused 6thgeneration intranet,Horror,6.0,2024
Reduced multi-state time-frame,Action,7.2,1990
Assimilated foreground collaboration,Adventure,6.2,2019
Multi-channeled demand-driven concept,Comedy,5.0,2017
Re-contextualized executive middleware,Romance,9.1,1997
Streamlined object-oriented forecast,Comedy,7.2,2025
Switchable impactful system engine,Thriller,6.4,2009
Devolved attitude-oriented hardware,Action,5.1,2005
Progressive actuating website,Comedy,6.7,1999
Managed web-enabled migration,Sci-Fi,8.6,1995
Face-to-face scalable hub,Horror,8.8,2008
Programmable cohesive archive,Thriller,5.5,1997
Pre-emptive methodical strategy,Comedy,6.5,1995
Down-sized bifurcated data-warehouse,Thriller,6.6,2007
Adaptive zero-defect monitoring,Horror,8.8,2006
Optimized mission-critical instruction set,Thriller,8.2,1996
Enterprise-wide maximized middleware,Comedy,9.4,2018
Versatile motivating open architecture,Thriller,8.6,1996
Multi-lateral attitude-oriented moderator,Romance,7.0,2019
Profound composite functionalities,Drama,9.4,2015
Proactive 6thgeneration function,Action,8.8,2006
Advanced neutral concept,Comedy,6.0,2017
Front-line holistic software,Comedy,8.9,2024
Persevering background strategy,Adventure,5.8,1993
Horizontal disintermediate capability,Horror,7.8,2019
Reverse-engineered full-range architecture,Action,7.4,2016
Organized 5thgeneration Graphic Interface,Sci-Fi,6.7,2000
Stand-alone solution-oriented methodology,Sci-Fi,8.0,1995
Streamlined neutral hierarchy,Sci-Fi,6.4,2015
Innovative optimizing infrastructure,Thriller,9.0,2011
Polarized demand-driven encryption,Thriller,6.9,2003
Grass-roots motivating encoding,Romance,6.9,2009
Reverse-engineered heuristic utilization,Romance,9.2,2005
Sharable full-range support,Adventure,9.2,2018
Focused cohesive firmware,Sci-Fi,8.3,2009
Customizable non-volatile encryption,Horror,9.0,2024
Decentralized mobile array,Horror,7.4,2002
Extended demand-driven system engine,Romance,5.5,2015
Re-engineered user-facing model,Drama,6.4,1995
Cross-group stable middleware,Romance,9.1,2002
Diverse multimedia Local Area Network,Adventure,7.1,1999
De-engineered exuding analyzer,Horror,5.7,2014
Intuitive mission-critical application,Comedy,7.4,2001
Centralized cohesive toolset,Adventure,7.2,1991
Ameliorated multimedia leverage,Thriller,6.0,2003
Reduced national access,Thriller,9.5,1994
Ameliorated context-sensitive implementation,Drama,7.0,2004
Quality-focused 3rdgeneration circuit,Thriller,6.3,2005
Open-source hybrid intranet,Adventure,6.7,2019
Balanced bottom-line paradigm,Drama,7.0,2002
Proactive stable Internet solution,Horror,7.2,2020
Realigned leadingedge synergy,Thriller,5.4,1999
Upgradable real-time Graphic Interface,Action,5.8,2004
Mandatory zero-defect conglomeration,Horror,8.1,1994
Automated static hierarchy,Romance,6.5,1997
Fundamental tangible support,Drama,5.0,2011
Horizontal 4thgeneration support,Adventure,8.6,2018
Devolved multi-tasking customer loyalty,Sci-Fi,6.5,2006
Configurable empowering middleware,Thriller,6.4,1990
Customer-focused multi-tasking functionalities,Horror,5.4,1991
Inverse context-sensitive policy,Sci-Fi,8.2,2008
Versatile zero tolerance instruction set,Romance,8.4,2020
Polarized context-sensitive structure,Comedy,8.0,2025
Sharable holistic data-warehouse,Drama,9.3,2021
